Name,LTP:Last Trade Price,High,Low,CLOSEUP,YCP:Yesterday Closing Price,Change,Trade,Value,Volume
RECKITTBEN,"4,130","4,238.5","4,130","4,144.8","4,177.5",-47.5,34,0.776,187
MARICO,"2,164.3","2,190","2,135","2,164.3","2,152.4",11.9,146,3.792,"1,752"
UNILEVERCL,"1,934.2","1,934.2","1,801","1,934.2","1,820.5",113.7,351,10.549,"5,524"
BERGERPBL,"1,744","1,779","1,717.8","1,747.3","1,739",5,53,1.884,"1,083"
EASTRNLUB,"1,438.2","1,495.9","1,434","1,438.2","1,457",-18.8,239,3.365,"2,333"
LINDEBD,"1,002.5","1,018.5","1,000","1,002.5","1,018.8",-16.3,146,1.378,"1,372"
BATASHOE,963.5,974,955.1,966,963.7,-0.2,11,0.057,59
RENWICKJA,783.6,794.8,759.9,783.6,783.4,0.2,114,2.202,"2,813"
KOHINOOR,777.1,816,776.8,777.1,800.8,-23.7,"2,961",150.795,"190,556"
AMBEEPHA,735.6,740,721,727.4,735,0.6,38,0.443,609
RENATA,728.1,758,726.5,728.1,744,-15.9,567,8.164,"11,134"
PHARMAID,697.6,727.9,697.5,697.6,719,-21.4,"1,347",30.908,"43,766"
LIBRAINFU,693.4,720.9,688.5,693.4,709.7,-16.3,670,11.99,"17,247"
SONALIANSH,637.7,653,633.2,637.7,643.2,-5.5,"1,633",63.125,"98,898"
WALTONHIL,592.5,602,590.4,592.5,595.2,-2.7,264,2.591,"4,372"
ORIONINFU,578.7,614.9,578.7,578.7,596.5,-17.8,"3,320",205.761,"345,474"
MONNOAGML,449.5,456,445.1,447.7,450.1,-0.6,334,6.183,"13,829"
SONALIPAPR,406.4,422,406.4,406.4,418.9,-12.5,467,11.4,"27,944"
NTC,389.3,399,387,389.3,392.8,-3.5,15,0.047,122
BATBC,363.3,372.9,362.2,363.3,372.9,-9.6,"1,672",41.276,"112,986"
JUTESPINN,320.5,345.8,320.5,320.9,330.1,-9.6,36,0.19,592
GEMINISEA,297.9,307.7,295,297.9,304,-6.1,"1,597",37.847,"126,047"
ARAMIT,296.9,305.9,274.3,296.9,281.7,15.2,999,30.889,"104,851"
KAY&QUE,260,267,250.1,252.4,257.3,2.7,560,8.599,"33,321"
APEXFOODS,255.1,261.6,254.7,255.1,257.8,-2.7,193,2.722,"10,623"
IBNSINA,250,253.9,249.1,250,251.8,-1.8,106,0.879,"3,517"
GP,237,239,236.5,237,238.6,-1.6,423,8.978,"37,882"
APEXFOOT,233.9,236.5,233.1,233.9,237.7,-3.8,233,4.838,"20,633"
AMCL(PRAN),231.6,238,230.6,230.9,237.7,-6.1,149,3.38,"14,635"
SQURPHARMA,209.5,212,208.9,209.5,211.2,-1.7,"1,170",35.856,"170,956"
HEIDELBCEM,208.6,214.1,208,208.6,214.3,-5.7,228,4.608,"21,910"
MPETROLEUM,198.6,198.6,198.6,198.6,198.6,0,3,0.002,8
KBPPWBIL,197,199,180.2,197,182.5,14.5,743,76.866,"398,291"
PADMAOIL,185.3,188,185.3,185.8,188.2,-2.9,29,0.188,"1,011"
AL-HAJTEX,183.3,184.8,179.7,183.3,182.5,0.8,879,34.884,"191,350"
FINEFOODS,173.5,174.8,170.8,173.5,172.2,1.3,172,2.852,"16,485"
BEACONPHAR,172.6,173.8,172.6,172.6,177.9,-5.3,286,29.515,"170,964"
SHYAMPSUG,171.7,174.7,171.7,171.8,172.3,-0.6,166,2.646,"15,325"
JAMUNAOIL,171.2,173,171,171.2,172.4,-1.2,189,1.764,"10,282"
MONOSPOOL,161.7,168.9,161.4,161.7,166.1,-4.4,302,3.024,"18,450"
JMISMDL,158.2,164.4,157.7,158.2,162.5,-4.3,468,8.773,"55,146"
RUPALILIFE,152.1,154.5,150.3,152.1,154.9,-2.8,"1,493",74.064,"487,797"
CVOPRL,146.2,151.5,145.1,146.2,149.2,-3,384,7.421,"50,192"
ACI,143.7,145.2,141.4,141.8,145.7,-2,218,2.608,"18,263"
RANFOUNDRY,142.2,144.2,141.2,142.3,142.7,-0.5,75,1.063,"7,476"
ANWARGALV,138.6,143.8,138.5,138.6,142.7,-4.1,772,15.878,"113,450"
RAHIMTEXT,137.6,143.3,137.6,138,141.8,-4.2,78,1.033,"7,438"
PRAGATILIF,135.7,136.8,129.4,135.7,129.6,6.1,994,94.16,"716,354"
NORTHERN,135.4,135.4,131.9,132.9,131.3,4.1,20,0.081,612
ECABLES,135,138.9,134.5,135,137.3,-2.3,71,0.423,"3,123"
PAPERPROC,133.6,139.7,133,133.6,136.8,-3.2,328,5.077,"37,756"
OLYMPIC,132.2,137.4,131,132.2,134,-1.8,623,19.715,"146,344"
WATACHEM,132,139.4,131,132,134.9,-2.9,60,0.442,"3,337"
GQBALLPEN,131.4,133.9,131.1,131.4,135.1,-3.7,756,33.249,"252,583"
ACIFORMULA,130.3,131.9,129,130.5,131.9,-1.6,141,1.332,"10,183"
HAMI,130.3,130.6,130.3,130.3,134.3,-4,38,0.856,"6,573"
AIL,128,130.9,128,128,131.9,-3.9,663,109.076,"851,295"
UPGDCL,128,131.5,127.6,128,131,-3,258,2.373,"18,342"
BDLAMPS,127,134.8,127,128.5,130.8,-3.8,112,1.224,"9,406"
SINGERBD,124.6,128.5,124.5,124.6,126.1,-1.5,173,4.245,"33,968"
BSCCL,123.5,127,122.9,123.2,126.6,-3.1,513,8.64,"69,972"
RAHIMAFOOD,121.6,128.9,121.6,121.6,125.3,-3.7,344,7.378,"60,197"
BXPHARMA,119.3,124.4,119.1,119.3,122.4,-3.1,523,13.024,"108,459"
TAMIJTEX,118.8,123.2,118.6,118.8,122.2,-3.4,186,2.032,"17,056"
BEXIMCO,115.6,115.6,115.6,115.6,115.6,0,2,0.04,347
BANGAS,114.8,116.8,113,114.8,116.2,-1.4,250,5.091,"44,500"
APEXSPINN,114.5,114.5,113.1,113.2,114.1,0.4,66,1.6,"14,131"
ZEALBANGLA,110,110.5,109.5,110,111.4,-1.4,50,0.312,"2,835"
NAVANAPHAR,109.9,115.5,109.9,109.9,113.2,-3.3,"2,898",165.741,"1,483,323"
BDAUTOCA,109.8,113.5,107.1,107.9,110.2,-0.4,188,1.863,"17,153"
BSC,108.8,113,108.4,108.8,111.7,-2.9,"1,050",26.407,"241,282"
NATLIFEINS,104,104.8,102.5,103.7,105.2,-1.2,224,5.661,"54,379"
ADNTEL,98.7,100.9,97.6,98.7,97.2,1.5,659,13.25,"133,974"
LOVELLO,94.4,95.3,94.4,94.4,97.3,-2.9,415,42.749,"452,626"
APEXTANRY,93.8,96.4,93.8,93.8,96.6,-2.8,125,2.178,"23,075"
DELTALIFE,92.3,96.8,92.3,92.3,95.1,-2.8,370,6.726,"72,320"
CRYSTALINS,91.4,94,91.4,91.4,94.2,-2.8,152,2.154,"23,468"
STANCERAM,90.5,91,89.7,90.5,90.2,0.3,107,0.534,"5,880"
CITYGENINS,88.8,91,88.7,89.5,89.4,-0.6,161,13.788,"154,014"
SONALILIFE,88.5,90.2,85.1,87.1,87.6,0.9,954,45.688,"520,518"
SEAPEARL,87.2,89,86.5,87.2,87.7,-0.5,"1,325",64.776,"740,443"
DSHGARME,86.1,88.1,86,86.3,88.3,-2.2,62,0.798,"9,221"
LEGACYFOOT,83.1,84.5,78.6,83.1,78.1,5,"2,980",84.464,"1,033,823"
EHL,82.3,85,81.6,82.3,83.3,-1,"1,186",33.308,"397,792"
MONNOCERA,82.3,85.4,81.6,82.3,83.5,-1.2,523,9.309,"111,789"
MJLBD,80.8,81.6,80.6,80.8,81.9,-1.1,155,1.333,"16,463"
PTL,79.5,81.8,79,79.5,81.2,-1.7,"1,272",56.992,"712,116"
MEGHNACEM,78.9,79.7,77.5,78.9,78.8,0.1,218,16.262,"206,287"
DAFODILCOM,78.4,80.8,78.4,78.8,79.1,-0.7,99,4.683,"58,397"
MEGHNALIFE,75.6,78.1,75.5,75.6,77.8,-2.2,700,27.228,"357,301"
ASIATICLAB,73.3,75.4,73.3,73.3,75.5,-2.2,850,76.403,"1,039,941"
JHRML,72.5,74.5,72.5,72.5,74.7,-2.2,474,17.439,"238,803"
AZIZPIPES,72.5,74.1,71.5,72.4,73.7,-1.2,113,0.979,"13,585"
CONFIDCEM,71,73,71,71,73.1,-2.1,267,4.838,"67,702"
ORIONPHARM,70.8,72.9,70.8,70.8,72.9,-2.1,"2,142",119.193,"1,675,932"
SAMORITA,70,73.5,69.7,70,71.2,-1.2,531,9.492,"133,288"
ACMELAB,69.9,71.9,69.5,69.9,71.5,-1.6,448,11.093,"157,610"
INDEXAGRO,69.4,71.4,69.3,69.4,71.4,-2,155,2.559,"36,813"
NTLTUBES,69,70.8,69,69,71.1,-2.1,208,2.981,"42,808"
BEACHHATCH,68.5,70.4,66.6,68.5,68.2,0.3,"2,425",103.031,"1,492,982"
ICB,67.8,73.4,67,67.8,66.8,1,"2,017",49.562,"709,549"
PARAMOUNT,65.6,69.5,65.3,65.6,67.3,-1.7,"1,609",118.916,"1,754,753"
SPCL,65.5,65.5,65.5,65.5,65.5,0,1,0,1
DULAMIACOT,65.3,67.4,65.2,65.3,67.2,-1.9,27,0.164,"2,520"
PIONEERINS,64.8,66.9,64.1,64.5,66,-1.2,319,10.486,"162,532"
CROWNCEMNT,64.4,65.9,64.4,64.4,64.7,-0.3,39,0.235,"3,647"
ATLASBANG,64,66.1,64,64.3,65,-1,12,0.108,"1,677"
LHBL,63.4,65.2,63.1,63.4,65,-1.6,"1,220",73.877,"1,150,686"
BPML,60.5,62.3,60.5,60.5,62.3,-1.8,623,17.633,"289,326"
PREMIERCEM,59.6,60.6,59.1,59.6,60.1,-0.5,300,9.44,"158,476"
PRAGATIINS,58.7,59.9,58.5,58.6,59.7,-1,47,1.139,"19,430"
SALVOCHEM,58.6,61.4,58.6,58.6,60.4,-1.8,"1,244",58.927,"985,314"
STYLECRAFT,58.3,60.1,58.3,58.3,60.1,-1.8,297,4.548,"77,103"
GENEXIL,57.6,59.6,57.6,57.6,59.3,-1.7,621,19.073,"329,266"
BSRMSTEEL,56.6,57.5,56,56.4,57.6,-1,162,1.23,"21,739"
RELIANCINS,56.4,58,56.4,56.4,58.1,-1.7,77,0.998,"17,554"
HAKKANIPUL,56.2,57.2,56.1,56.2,57.1,-0.9,185,3.196,"56,822"
POPULARLIF,55.8,58,55.8,55.8,57.5,-1.7,563,33.527,"598,287"
UNIQUEHRL,55.5,57.5,55.3,55.5,57,-1.5,618,14.652,"262,337"
HRTEX,55.2,57.2,55.2,55.2,56.9,-1.7,405,10.668,"192,819"
GREENDELT,54.4,55.9,54.4,54.4,56,-1.6,136,3.208,"58,769"
EASTERNINS,52.5,53.2,52.5,52.5,54.1,-1.6,149,3.329,"63,359"
SAMATALETH,52.1,54.2,52.1,52.1,53.7,-1.6,102,1.201,"22,970"
SUNLIFEINS,51.8,54.1,51.8,51.8,53.3,-1.5,296,7.446,"142,588"
CLICL,51.1,52.6,51.1,51.1,52.6,-1.5,96,1.275,"24,780"
DUTCHBANGL,50.3,50.6,50,50.3,50.5,-0.2,232,8.782,"174,387"
EGEN,49.8,52,49.8,49.8,51.3,-1.5,"4,111",281.807,"5,578,958"
CENTRALINS,49.8,51.3,49.8,49.8,51.3,-1.5,89,4.964,"98,906"
SKICL,49.7,51.2,49.7,49.7,51.2,-1.5,145,3.335,"66,819"
BNICL,48.6,50,48.3,48.5,49.7,-1.1,207,3.674,"75,416"
EMERALDOIL,47.9,49.8,47.9,47.9,49.3,-1.4,"1,433",40.517,"840,659"
PROGRESLIF,47.7,50.3,47.7,47.7,49.1,-1.4,94,0.424,"8,807"
DHAKAINS,47.5,49.2,46.6,46.8,48,-0.5,82,1.314,"27,952"
ASIAPACINS,47.4,50,47.4,47.4,48.8,-1.4,119,2.732,"57,101"
KDSALTD,47.2,49,47.2,47.2,48.6,-1.4,349,8.306,"174,097"
ITC,46.8,48.7,46.8,46.8,48.2,-1.4,"1,663",70.176,"1,490,091"
SQUARETEXT,46.4,48.2,46.2,46.4,47.5,-1.1,264,3.507,"75,036"
MATINSPINN,46.4,47.9,46.3,46.4,47.5,-1.1,120,2.653,"57,022"
TILIL,46.3,48,46.2,46.3,47.6,-1.3,162,4.976,"106,018"
NPOLYMER,45.8,47,45.8,45.8,47.2,-1.4,169,6.61,"143,673"
HWAWELLTEX,45,45.4,44.4,45,45.7,-0.7,63,4.305,"95,784"
SINOBANGLA,44.4,46,44.4,44.4,45.7,-1.3,468,11.53,"258,649"
ISLAMIINS,44.2,44.7,42.8,43,44.1,0.1,109,2.957,"67,470"
ISNLTD,44.2,46.2,44.1,44.2,45.4,-1.2,124,3.401,"76,239"
POWERGRID,43.6,43.9,42.9,43.6,43.9,-0.3,282,8.798,"203,012"
PRIMELIFE,43.6,44.5,43.6,43.6,44.9,-1.3,32,0.566,"12,908"
PRIMEINSUR,43.2,44.8,43.2,43.2,44.5,-1.3,159,7.076,"163,236"
NEWLINE,42.6,45.9,42.6,45.4,43.9,-1.3,32,0.111,"2,434"
STANDARINS,42.5,44.5,42.2,42.5,43.4,-0.9,69,2.011,"46,960"
NORTHRNINS,42.4,43.9,42.3,42.3,43.6,-1.2,69,3.034,"71,542"
BGIC,42.1,43.5,42.1,42.1,43.4,-1.3,60,0.828,"19,580"
FAREASTLIF,42,43.2,42,42,43.2,-1.2,62,1.544,"36,682"
MIRAKHTER,41.4,42.3,41.4,41.4,42.6,-1.2,173,3.171,"75,848"
QUASEMIND,40.2,41.5,40.2,40.2,41.4,-1.2,334,6.901,"170,276"
PROVATIINS,39.8,41.1,39.7,39.8,40.9,-1.1,332,9.766,"244,355"
1STPRIMFMF,39.5,41.3,39.5,39.5,40.7,-1.2,594,34.667,"866,095"
UNITEDINS,39.1,39.8,38.3,39.1,39.2,-0.1,145,3.126,"80,856"
USMANIAGL,38.9,39.1,38.6,38.8,38.9,0,16,0.11,"2,843"
UNIONINS,38.9,43.9,38.5,38.9,42.9,-4,"1,025",28.371,"707,227"
SPCERAMICS,38.8,40.6,38.8,38.8,40,-1.2,"1,356",55.081,"1,398,223"
ASIAINS,38.8,41.3,38.7,38.8,39.8,-1,319,7.488,"187,571"
NAHEEACP,38.3,39,38.3,38.3,39.4,-1.1,443,22.071,"574,251"
PEOPLESINS,38.3,39.5,38.3,38.4,39.4,-1.1,58,1.03,"26,648"
BESTHLDNG,38.2,39.5,38.2,38.2,39.3,-1.1,"2,414",150.768,"3,930,799"
REPUBLIC,38,41.5,38,38,39.1,-1.1,294,7.657,"194,819"
BRACBANK,38,38.6,37.6,37.9,38,0,256,30.41,"802,886"
AAMRANET,37.8,38.8,37.7,37.8,38.8,-1,"1,051",24.304,"639,118"
RDFOOD,37.8,38.9,37.8,37.8,38.9,-1.1,652,29.358,"772,481"
TAKAFULINS,37.5,39.3,37.4,37.5,38.5,-1,25,0.438,"11,675"
ENVOYTEX,37.1,37.5,37.1,37.1,38,-0.9,42,1.59,"42,785"
MIRACLEIND,36.9,38.5,36.7,36.9,37.8,-0.9,755,20.539,"546,384"
MALEKSPIN,36.8,38.1,36.8,36.8,37.9,-1.1,"2,363",95.304,"2,565,501"
DBH,36.6,37.6,36.3,36.6,37,-0.4,202,2.363,"64,306"
FORTUNE,36.6,38.3,36.6,36.6,37.7,-1.1,"1,890",58.947,"1,587,334"
INTRACO,36.4,37.5,36.4,36.4,37.5,-1.1,559,17.93,"489,808"
AFTABAUTO,36.2,38.4,36.1,36.2,37.2,-1,"2,045",53.147,"1,433,536"
KARNAPHULI,36,37.3,36,36,37.1,-1.1,652,19.076,"524,331"
BDTHAIFOOD,35.9,38.2,35.8,35.9,36.9,-1,"1,236",43.685,"1,184,976"
AGRANINS,34.9,36.1,34.9,34.9,35.9,-1,83,2.127,"60,827"
EIL,34.5,36,34.5,34.5,35.5,-1,237,6.677,"192,008"
SONARBAINS,34.3,34.7,34.3,34.3,35.3,-1,92,1.641,"47,745"
ANLIMAYARN,34.2,36.1,34,34.2,34.9,-0.7,439,7.059,"201,401"
NITOLINS,33.7,36.9,33.6,33.7,34.6,-0.9,105,1.14,"33,346"
SICL,33.6,35,33.5,33.6,34.5,-0.9,748,13.905,"408,633"
SKTRIMS,33.6,34.4,32.3,33.6,32.3,1.3,"3,065",141.59,"4,242,717"
IFADAUTOS,33.2,34,33.2,33.2,34.2,-1,183,3.831,"114,668"
PHENIXINS,32.9,33.6,32.9,32.9,33.9,-1,89,2.479,"74,653"
MEGHNAPET,32.6,33.7,32.5,32.6,33.2,-0.6,90,1.061,"32,371"
ISLAMIBANK,32.6,32.6,32.6,32.6,32.6,0,6,0.004,127
IDLC,32.5,33.5,32.5,32.5,33,-0.5,162,3.997,"121,479"
CONTININS,32.4,33.4,32.4,32.4,33.3,-0.9,436,10.12,"310,099"
MERCINS,32.3,33.1,32.3,32.4,33.2,-0.9,42,0.76,"23,272"
JANATAINS,31.7,32.5,31.7,31.8,32.6,-0.9,91,1.113,"34,876"
OIMEX,31.7,32.2,31.7,31.7,32.6,-0.9,879,49.405,"1,555,498"
GLOBALINS,31.6,33.8,31.6,31.6,32.5,-0.9,207,5.87,"182,152"
DGIC,31.3,32,31.3,31.3,32.2,-0.9,109,4.491,"143,075"
DESHBANDHU,31.3,32.5,31.1,31.3,32,-0.7,717,21.303,"668,914"
MEGHNAINS,31.3,33.1,31.3,31.3,32.2,-0.9,175,1.939,"61,109"
BBSCABLES,31.2,32.2,31.2,31.2,32.1,-0.9,362,9.871,"314,040"
NHFIL,30.9,31.4,30.9,30.9,31.8,-0.9,124,2.027,"65,386"
DOREENPWR,30.9,32,30.9,30.9,31.8,-0.9,83,1.848,"59,701"
ADVENT,30.8,32.7,30.8,30.8,31.7,-0.9,"2,786",154.972,"4,900,233"
GPHISPAT,29.8,30.7,29.8,29.8,30.7,-0.9,526,15.983,"533,402"
BDCOM,29.6,30.4,29.5,29.6,30.2,-0.6,442,6.743,"226,758"
SAPORTL,28.7,29.6,28.7,28.7,29.5,-0.8,428,14.963,"516,241"
RAKCERAMIC,28.7,29.3,28.5,28.5,28.8,-0.1,159,4.323,"150,829"
AGNISYSL,28.4,29.6,28.4,28.4,29.2,-0.8,962,65.81,"2,280,570"
TRUSTBANK,28.4,29.4,28.4,28.4,29,-0.6,61,1.337,"46,498"
COPPERTECH,28,28.6,27.9,27.9,28.7,-0.7,221,6.661,"237,688"
PADMALIFE,27.7,28.1,27.7,27.7,28.5,-0.8,180,3.975,"143,319"
SONARGAON,27.7,28.5,27.7,27.7,28.5,-0.8,263,7.797,"281,006"
RUNNERAUTO,27.4,29.7,27.4,27.5,28.2,-0.8,70,0.832,"30,154"
ICICL,27.3,28.2,27.1,27.3,27.9,-0.6,204,5.109,"187,082"
EBL,26.9,26.9,26.4,26.7,26.5,0.4,144,6.87,"258,645"
FUWANGFOOD,26.8,27.8,26.8,26.8,27.6,-0.8,"1,364",39.497,"1,463,812"
KPCL,26.6,26.6,26.6,26.6,26.6,0,5,0,9
SANDHANINS,26.5,27.7,26.5,26.5,27.3,-0.8,233,5.392,"202,042"
PURABIGEN,26.5,27.2,26.2,26.3,27,-0.5,390,8.597,"321,565"
RUPALIBANK,26.5,27.4,26.4,26.5,27.2,-0.7,205,7.853,"294,838"
RUPALIINS,26.3,27,26.3,26.3,27.1,-0.8,203,5.424,"204,503"
GHCL,26,26.5,26,26,26.8,-0.8,30,0.506,"19,420"
AMANFEED,26,27,26,26,26.8,-0.8,150,3.086,"118,003"
SAIFPOWER,25.4,26,25.4,25.4,26.1,-0.7,512,23.333,"913,654"
GOLDENSON,25.2,25.6,25.2,25.2,25.9,-0.7,"2,129",117.094,"4,629,931"
PUBALIBANK,24.7,24.7,24.7,24.7,25.4,-0.7,32,0.179,"7,231"
DESCO,24.6,24.9,24.4,24.6,24.7,-0.1,27,0.171,"6,982"
AAMRATECH,24.5,25.2,24.5,24.5,25.2,-0.7,201,4.426,"180,161"
FEDERALINS,24.3,24.8,24.3,24.3,25,-0.7,62,0.999,"40,907"
NAVANACNG,24.3,25,24.2,24.3,24.9,-0.6,327,4.717,"193,551"
SHASHADNIM,24,24.9,24,24,24.7,-0.7,293,9.377,"388,152"
IPDC,23.9,23.9,23.9,23.9,24.6,-0.7,47,0.525,"21,964"
ROBI,23.9,24.5,23.8,23.9,24.4,-0.5,"1,487",37.427,"1,555,189"
SALAMCRST,23.8,24.5,23.4,23.4,24.1,-0.3,139,1.296,"55,021"
ALARABANK,23.7,24,23.6,23.7,23.8,-0.1,66,0.991,"41,783"
SUMITPOWER,23.5,24.2,23.5,23.5,24.1,-0.6,279,4.799,"201,964"
INTECH,23.5,24.1,23.3,23.5,24,-0.5,141,2.108,"89,581"
MEGCONMILK,23.4,23.9,23.3,23.4,24,-0.6,31,0.197,"8,387"
AOL,23.4,23.8,23.4,23.4,24.1,-0.7,613,20.746,"882,072"
EASTLAND,23.3,24,23.3,23.3,24,-0.7,40,1.021,"43,279"
SIMTEX,23.2,23.8,22.7,23.2,23.4,-0.2,648,38.246,"1,652,430"
MITHUNKNIT,23.1,24.1,23.1,23.1,23.8,-0.7,94,3.1,"134,046"
TOSRIFA,23.1,23.5,22.9,23.1,23.3,-0.2,261,16.02,"690,641"
FARCHEM,23.1,23.8,23.1,23.1,23.8,-0.7,209,3.579,"154,279"
TITASGAS,23,23.8,22.8,23,23.3,-0.3,157,1.585,"68,766"
FUWANGCER,23,23.8,23,23,23.7,-0.7,"1,438",62.17,"2,678,107"
EPGL,22.8,23.9,22.7,22.8,23.4,-0.6,152,2.583,"112,547"
LRBDL,22.3,22.9,22.3,22.3,22.9,-0.6,366,9.209,"410,641"
ESQUIRENIT,22.2,23.9,22.1,22.2,22.7,-0.5,114,0.92,"41,074"
BENGALWTL,22.1,22.5,22.1,22.1,22.7,-0.6,160,2.596,"117,214"
JAMUNABANK,21.7,21.9,21.7,21.7,21.8,-0.1,379,43.618,"2,003,623"
MONNOFABR,21.6,22.7,21.5,21.6,22.1,-0.5,"1,306",40.623,"1,851,142"
CENTRALPHL,21.5,22.6,21.5,21.5,22.1,-0.6,"1,899",68.648,"3,141,265"
KPPL,21.5,22.8,21.5,21.5,22.1,-0.6,434,10.293,"473,766"
BDTHAI,21.2,22.4,21.2,21.2,21.8,-0.6,"1,111",30.685,"1,419,888"
UTTARABANK,20.9,21.2,20.8,20.9,21.1,-0.2,332,18.771,"896,649"
BDFINANCE,20.8,21.3,20.8,20.8,21.4,-0.6,196,5.096,"244,400"
FEKDIL,20.3,21,20.3,20.3,20.9,-0.6,"1,190",66.319,"3,250,444"
ACFL,20.3,21.3,20.3,20.3,20.9,-0.6,44,0.523,"25,723"
ARAMITCEM,20.2,20.9,20.2,20.2,20.8,-0.6,124,0.906,"44,793"
SILCOPHL,20.1,20.4,20.1,20.1,20.7,-0.6,206,6.306,"312,356"
BANKASIA,19.8,20.9,19.6,19.8,19.8,0,230,54.428,"2,652,359"
UTTARAFIN,19.6,20.7,19.6,19.7,20.2,-0.6,33,0.341,"17,291"
ACMEPL,19.6,20.4,19.6,19.6,20.2,-0.6,934,27.705,"1,396,565"
PRIMEBANK,19.2,19.4,19.1,19.2,19.6,-0.4,118,5.82,"304,158"
CITYBANK,18.9,19.3,18.9,18.9,19.3,-0.4,200,6.396,"337,155"
SHAHJABANK,18.9,18.9,18.5,18.9,18.9,0,59,4.354,"231,170"
PENINSULA,18.7,19.4,18.6,18.7,19.1,-0.4,173,1.979,"104,665"
METROSPIN,18.6,19.4,18.6,18.6,19.1,-0.5,328,6.426,"342,348"
MHSML,18.4,19,18.4,18.4,18.9,-0.5,50,1.002,"54,329"
GHAIL,17.8,18.5,16.9,17.8,16.9,0.9,"3,253",131.277,"7,454,314"
YPL,17.8,18.8,17.8,17.8,18.3,-0.5,300,3.351,"186,881"
LANKABAFIN,17.4,17.9,17.4,17.4,17.6,-0.2,257,8.013,"458,056"
SILVAPHL,17.4,18.1,17.3,17.4,17.8,-0.4,587,25.411,"1,451,786"
RELIANCE1,17.2,17.2,16,17.1,15.7,1.5,540,45.105,"2,685,033"
ARGONDENIM,16.8,17.3,16.8,16.8,17.3,-0.5,105,1.883,"111,735"
GLDNJMF,16.6,18.8,16.6,16.6,17.1,-0.5,"1,784",72.707,"4,020,820"
BDWELDING,16.5,17.8,16.5,16.5,17,-0.5,86,1.448,"87,552"
PRIMETEX,16.4,17.2,16.4,16.5,16.9,-0.5,46,0.762,"46,091"
BBS,16.3,16.9,16.3,16.3,16.8,-0.5,760,23.753,"1,449,312"
BPPL,16.2,16.6,16.2,16.2,16.6,-0.4,255,4.161,"255,582"
ALLTEX,16.1,16.4,16.1,16.1,16.5,-0.4,105,2.513,"155,562"
SAIHAMTEX,15.8,16.5,15.7,15.8,16,-0.2,250,14.221,"872,901"
RSRMSTEEL,15.8,16.2,15.7,15.7,16.1,-0.3,88,0.86,"54,665"
MIDLANDBNK,15.8,16.1,15.7,15.8,16,-0.2,261,19.594,"1,241,122"
IBP,15.7,16.2,15.7,15.7,16.1,-0.4,246,4.903,"311,035"
SAIHAMCOT,15.6,16.2,15.6,15.6,16,-0.4,505,24.198,"1,526,296"
RNSPIN,15.4,15.8,15,15.6,14.9,0.5,141,1.298,"84,431"
KTL,15.4,16.1,15.4,15.4,15.7,-0.3,831,24.682,"1,564,243"
QUEENSOUTH,15.3,15.8,15.3,15.3,15.7,-0.4,198,3.59,"233,590"
VFSTDL,14.6,15,14.6,14.6,15,-0.4,277,5.126,"349,384"
HFL,14.5,14.7,14.2,14.2,14.6,-0.1,50,0.569,"39,670"
BARKAPOWER,14.3,14.7,14.3,14.3,14.7,-0.4,243,4.569,"318,099"
DOMINAGE,13.9,14.3,13.9,13.9,14.3,-0.4,345,8.882,"634,274"
AFCAGRO,13.8,14.2,13.8,13.8,14.2,-0.4,89,1.247,"90,234"
OAL,13.6,14.4,13.6,13.6,14,-0.4,895,19.673,"1,422,661"
SHEPHERD,13.6,14,13.5,13.6,13.7,-0.1,206,4.076,"299,031"
NFML,13.5,14.1,13.4,13.5,13.8,-0.3,229,3.979,"294,121"
ACTIVEFINE,13.5,14.5,13.5,13.5,13.9,-0.4,285,10.486,"774,267"
MTB,13.5,13.5,13.5,13.5,13.9,-0.4,30,0.309,"22,894"
MAKSONSPIN,13,13.4,13,13,13.3,-0.3,367,7.645,"584,775"
MLDYEING,12.9,13.4,12.8,12.9,13.1,-0.2,190,4.626,"356,015"
SAFKOSPINN,12.7,12.7,12.4,12.4,12.7,0,45,0.77,"61,825"
GRAMEENS2,12.7,12.9,12.7,12.8,12.7,0,24,0.227,"17,785"
ETL,12.5,13,12.5,12.5,12.8,-0.3,690,24.435,"1,928,386"
SSSTEEL,12.5,12.8,12.5,12.5,12.8,-0.3,698,23.829,"1,897,693"
NCCBANK,12.1,12.1,11.8,12,12,0.1,118,10.319,"859,786"
PREMIERBAN,11.9,12.1,11.8,11.9,12,-0.1,229,8.313,"697,294"
UNITEDFIN,11.6,11.9,11.5,11.6,11.8,-0.2,96,1.862,"161,102"
CAPITECGBF,11.4,12.2,11.2,11.4,11.3,0.1,884,31.629,"2,736,665"
WMSHIPYARD,11.3,11.8,11.3,11.3,11.6,-0.3,831,20.424,"1,789,705"
CAPMIBBLMF,11.3,11.9,11.3,11.3,11.6,-0.3,87,1.904,"167,774"
DSSL,11.3,11.7,11.3,11.3,11.6,-0.3,197,5.691,"499,844"
NRBCBANK,11.2,11.7,11.2,11.2,11.5,-0.3,202,10.751,"959,325"
DHAKABANK,11.1,11.2,11,11.1,11.1,0,230,10.59,"954,459"
PDL,10.9,11.4,10.9,10.9,11.2,-0.3,782,17.473,"1,591,204"
SHURWID,10.9,11.2,10.9,10.9,11.2,-0.3,52,0.314,"28,758"
NRBBANK,10.7,10.9,10.7,10.7,11,-0.3,490,36.3,"3,389,403"
GSPFINANCE,10.7,11,10.6,10.7,10.9,-0.2,236,5.541,"516,915"
MERCANBANK,10.6,10.6,10.6,10.6,10.9,-0.3,53,0.955,"90,116"
UCB,10.5,10.9,10.5,10.5,10.8,-0.3,122,2.045,"192,078"
ICBSONALI1,10.2,10.8,10,10.2,10.1,0.1,201,12.734,"1,256,305"
BAYLEASING,10,10.5,9.9,10,10.2,-0.2,155,2.925,"292,958"
SOUTHEASTB,10,10.1,10,10,10,0,155,13.634,"1,360,455"
ISLAMICFIN,9.9,10.2,9.8,9.9,10.1,-0.2,106,1.781,"178,548"
GBBPOWER,9.8,10.1,9.7,9.8,9.9,-0.1,62,0.806,"81,764"
EXIMBANK,9.8,9.9,9.7,9.8,9.8,0,163,4.954,"508,739"
ALIF,9.5,9.8,9.5,9.5,9.7,-0.2,450,8.639,"900,920"
IFIC,9.5,9.8,9.5,9.5,9.7,-0.2,683,26.334,"2,763,656"
AIBL1STIMF,9.3,9.4,9.1,9.3,9.3,0,62,11.23,"1,211,187"
SIBL,9.3,9.3,9.1,9.3,9.3,0,69,4.82,"521,860"
DACCADYE,8.9,9.3,8.9,8.9,9.1,-0.2,64,0.655,"73,135"
MIDASFIN,8.7,9.1,8.7,8.7,8.9,-0.2,129,1.789,"203,387"
SEMLLECMF,8.6,9,8.6,8.6,8.8,-0.2,116,5.527,"627,515"
ICBAGRANI1,8.1,8.5,8.1,8.1,8.3,-0.2,54,0.545,"66,340"
ONEBANKPLC,8,8.1,7.8,8,7.9,0.1,119,2.78,"349,347"
PF1STMF,7.8,8.3,7.8,7.8,8,-0.2,419,20.865,"2,629,267"
UNIONCAP,7.6,7.6,7.4,7.6,7.5,0.1,146,1.004,"134,029"
UNIONBANK,7.6,7.7,7.5,7.6,7.6,0,368,12.979,"1,711,740"
ATCSLGF,7.5,7.9,7.5,7.5,7.7,-0.2,192,2.493,"325,331"
GIB,7.5,7.7,7.5,7.5,7.6,-0.1,517,15.966,"2,120,410"
FIRSTSBANK,7.5,7.6,7.5,7.5,7.6,-0.1,246,9.176,"1,219,828"
CNATEX,7.5,7.7,7.5,7.5,7.7,-0.2,538,18.265,"2,424,433"
SBACBANK,7.3,7.8,7.3,7.3,7.5,-0.2,230,3.762,"509,994"
CAPMBDBLMF,7.3,7.9,7.3,7.3,7.5,-0.2,99,1.325,"177,445"
ABBANK,7.2,7.4,7.2,7.2,7.4,-0.2,643,20.529,"2,846,658"
ZAHEENSPIN,7.2,7.4,7.2,7.2,7.4,-0.2,84,0.899,"124,052"
ICBAMCL2ND,7.2,7.5,7.2,7.3,7.4,-0.2,27,0.468,"64,017"
SEMLIBBLSF,7.1,7.2,7.1,7.2,7.2,-0.1,12,0.444,"61,953"
STANDBANKL,7.1,7.1,6.9,6.9,7.1,0,69,1.972,"281,293"
PHOENIXFIN,6.8,7,6.8,6.8,7,-0.2,64,0.904,"131,625"
PRIMEFIN,6.6,6.8,6.6,6.7,6.8,-0.2,13,0.105,"15,638"
TALLUSPIN,6.5,6.6,6.5,6.5,6.6,-0.1,39,0.4,"61,423"
NBL,6.4,6.6,6.4,6.4,6.5,-0.1,172,3.873,"604,367"
SEMLFBSLGF,6.1,6.4,6.1,6.1,6.2,-0.1,126,4.292,"693,579"
PRIME1ICBA,6.1,6.3,6.1,6.1,6.2,-0.1,53,1.596,"260,082"
BIFC,5.9,6.2,5.9,5.9,6,-0.1,20,0.058,"9,794"
ICBEPMF1S1,5.8,6.3,5.8,5.9,5.9,-0.1,39,0.282,"47,150"
ZAHINTEX,5.6,5.8,5.4,5.5,5.5,0.1,19,0.08,"14,556"
GENNEXT,5.6,5.7,5.6,5.6,5.7,-0.1,331,6.417,"1,142,755"
VAMLBDMF1,5.5,5.8,5.5,5.5,5.6,-0.1,11,0.3,"54,335"
IFILISLMF1,5.5,5.6,5.5,5.5,5.6,-0.1,32,0.333,"60,339"
NCCBLMF1,5.5,5.5,5.4,5.4,5.5,0,15,0.116,"21,420"
ICB3RDNRB,5.3,5.4,5.2,5.3,5.3,0,7,0.043,"8,065"
REGENTTEX,4.9,5.2,4.9,4.9,5,-0.1,57,0.155,"31,588"
VAMLRBBF,4.9,5.4,4.9,4.9,5,-0.1,40,0.61,"123,466"
DELTASPINN,4.9,4.9,4.9,4.9,5,-0.1,41,0.265,"54,057"
DBH1STMF,4.9,5,4.9,4.9,5,-0.1,31,0.687,"140,147"
MBL1STMF,4.8,5,4.8,4.9,4.9,-0.1,17,0.093,"19,100"
KEYACOSMET,4.7,4.9,4.7,4.7,4.8,-0.1,125,1.927,"407,439"
EBL1STMF,4.6,4.7,4.6,4.6,4.7,-0.1,35,0.411,"88,440"
ILFSL,4.4,4.6,4.4,4.4,4.5,-0.1,75,0.746,"168,891"
EBLNRBMF,4.3,4.4,4.3,4.3,4.4,-0.1,64,1.721,"399,330"
PREMIERLEA,4.3,4.8,4.3,4.3,4.4,-0.1,17,0.115,"26,596"
APOLOISPAT,4.2,4.3,4.2,4.2,4.3,-0.1,103,1.377,"327,591"
TRUSTB1MF,4.1,4.3,4.1,4.2,4.2,-0.1,31,0.21,"50,189"
LRGLOBMF1,4.1,4.1,4,4,4.1,0,80,3.774,"942,566"
FIRSTFIN,4,4.2,4,4,4.1,-0.1,17,0.074,"18,382"
GREENDELMF,4,4,3.9,3.9,4,0,46,0.68,"170,922"
EXIM1STMF,4,4.1,4,4,4.1,-0.1,50,0.647,"160,363"
ABB1STMF,4,4,3.9,4,4,0,20,1.323,"332,930"
FBFIF,3.9,4,3.9,3.9,4,-0.1,48,0.776,"197,900"
RINGSHINE,3.9,4.1,3.9,3.9,4,-0.1,189,2.615,"668,486"
NURANI,3.9,4.1,3.9,3.9,4,-0.1,47,0.271,"69,362"
IFIC1STMF,3.9,3.9,3.8,3.8,3.8,0.1,33,0.629,"161,856"
PHPMF1,3.8,3.8,3.7,3.7,3.8,0,135,3.265,"881,844"
POPULAR1MF,3.8,4,3.8,3.8,3.9,-0.1,45,0.564,"147,917"
1JANATAMF,3.8,4,3.8,3.8,3.9,-0.1,58,0.458,"118,670"
FAREASTFIN,3.7,4,3.7,3.7,3.8,-0.1,18,0.055,"14,983"
ICBIBANK,3.6,3.8,3.6,3.7,3.7,-0.1,23,0.243,"65,816"
TUNGHAI,3.6,3.7,3.5,3.6,3.6,0,62,0.602,"167,849"
FASFIN,3.6,3.8,3.6,3.6,3.7,-0.1,59,0.558,"154,897"
PLFSL,3.5,3.6,3.5,3.5,3.6,-0.1,78,0.831,"236,699"
FAMILYTEX,3.5,3.5,3.4,3.5,3.5,0,221,2.728,"799,341"
BSRMLTD,0,0,0,90,90,--,0,0,0
BDSERVICE,0,0,0,5.2,5.2,--,0,0,0
SAVAREFR,0,0,0,215.5,215.5,--,0,0,0
